{"eatsPellet": 0.663516834718174, "closerToPel": 0.23575188486802753, "headedHome": 1.9027573489993228, "movedTowardsGhost": -1.1227203651394113}