{"eatsEnemy": 0.0, "closerToPel": 0.0, "onDefense": 0.2206181436853035, "numInvaders": -0.0016959879618595587, "closerToInvader": 0.028046199743634814, "invaderDistance": -0.0013198414723692086}